date,experiment_id,agent_module,deck,opponent,n_matches,win_rate,kaggle_submission,notes
2026-07-02,001-baseline,agents.heuristic_agent,baseline_v1 (mono-Fire, no draw support),random_agent,200,0.415,exp001-heuristic,"Lost to random; >50% of matches decided by decking out, not combat"
2026-07-06,002-heuristic-v2,agents.heuristic_v2_agent,optimized_v2 (mono-Fire + draw support),random_agent,200,0.865,exp002-heuristic-v2,"Best-scoring submission so far -- recorded as baseline_423"
2026-07-06,003-deck-autoselect,agents.heuristic_v2_agent,best_v3 (mono-Water),random_agent,200,0.85,exp003-water-deck,"Water beats exp002 Fire deck head-to-head 57.3% (n=150) despite losing the full round-robin"
2026-07-06,004-agent-defensive,agents.heuristic_v3_agent,optimized_v2 (same deck as 002),random_agent,200,0.89,exp004-defensive-v3,"54.5% head-to-head vs exp002 agent, same deck"
2026-07-06,005-agent-search,agents.search_agent,optimized_v2 (same deck as 002),random_agent,200,0.865,exp005-search-agent,"53.0% head-to-head vs exp002 agent; 1-ply search_begin/search_step lookahead, near-even vs static heuristic"
2026-07-07,006-eval-harness,agents.heuristic_v2_agent,optimized_v2 (unchanged),random_agent,200,0.88,(none -- tooling only),"Built local eval harness (src/evaluate_baseline.py) and froze baseline_423 snapshot; no agent/deck changes"
2026-07-07,007-retreat-fix,agents.heuristic_v2_agent (patched in place),optimized_v2 (unchanged),random_agent,200,0.92,exp007-retreat-fix,"Retreat-when-critical + healthiest-switch added directly to the baseline agent, per loss_summary.md's top loss pattern (prize_race, 50% of losses); 53.5% head-to-head vs frozen baseline_423"
2026-07-07,008-targz-packaging,agents.heuristic_v2_agent (identical to 007),optimized_v2 (unchanged),n/a,n/a,n/a,exp008-targz-retest,"Not a strategy change -- repackaged exp007's exact agent+deck as .tar.gz instead of .zip per a competitor's public repo documenting the expected submission format; confounded test given known matchmaking-luck variance, but cheap to rule out"
2026-07-07,009-evolution-deck,agents.heuristic_v2_agent (unchanged),evolution_water 4-lines (best variant tried),random_agent,100,0.72,(not submitted),"Motivated by exp007 replay analysis showing real opponents use evolved Tool-equipped Pokemon; best variant (Water, 4 lines) reaches 49% vs the old Basic-only deck but doesn't clearly beat it -- mixed/negative result, see reports/009_evolution_deck.md for the Pokemon-count vs energy-count tradeoff found"
